text,scheduled_at
"🔥 Cebinden tek kuruş çıkmadan kazan! En güvenilir deneme bonusu 2026 fırsatları burada güncellendi: https://flovazcomercial.com #bahis #canlıcasino #freebet",2026-03-06 16:47
"✅ V-Audit onaylı, lisanslı ve ödeme yapan siteler. bedava casino bonusu arayanlar için dev liste yayında: https://bedavabonus2026.com #kaçakbahis #iddaa #bonus",2026-03-06 18:47
"✅ V-Audit onaylı, lisanslı ve ödeme yapan siteler. bedava casino bonusu arayanlar için dev liste yayında: https://flovazcomercial.com #kaçakbahis #iddaa #bonus",2026-03-06 20:47
"🔥 Cebinden tek kuruş çıkmadan kazan! En güvenilir bedava casino bonusu fırsatları burada güncellendi: https://flovazcomercial.com #bahis #canlıcasino #freebet",2026-03-06 22:47
"🔥 Cebinden tek kuruş çıkmadan kazan! En güvenilir deneme bonusu 2026 fırsatları burada güncellendi: https://flovazcomercial.com #bahis #canlıcasino #freebet",2026-03-07 00:47
"✅ V-Audit onaylı, lisanslı ve ödeme yapan siteler. bedava casino bonusu arayanlar için dev liste yayında: https://flovazcomercial.com #kaçakbahis #iddaa #bonus",2026-03-07 02:47
"🚨 2026 Güncel: Sadece yeni üyelere özel güvenilir bahis siteleri veren platformlar listelendi! Hemen incele ve kap: https://flovazcomercial.com #denemebonusu #güvenilirbahissiteleri #casino",2026-03-07 04:47
"💰 güvenilir bahis siteleri ile bugün şansını dene. Sadece onaylı platformlar, sıfır risk: https://flovazcomercial.com #slot #rulet #sweetbonanza",2026-03-07 06:47
"🚨 2026 Güncel: Sadece yeni üyelere özel deneme bonusu 2026 veren platformlar listelendi! Hemen incele ve kap: https://flovazcomercial.com #denemebonusu #denemebonusu2026 #casino",2026-03-07 08:47
"✅ V-Audit onaylı, lisanslı ve ödeme yapan siteler. yeni açılan casino arayanlar için dev liste yayında: https://flovazcomercial.com #kaçakbahis #iddaa #bonus",2026-03-07 10:47
"💰 güvenilir bahis siteleri ile bugün şansını dene. Sadece onaylı platformlar, sıfır risk: https://flovazcomercial.com #slot #rulet #sweetbonanza",2026-03-07 12:47
"✅ V-Audit onaylı, lisanslı ve ödeme yapan siteler. deneme bonusu 2026 arayanlar için dev liste yayında: https://bedavabonus2026.com #kaçakbahis #iddaa #bonus",2026-03-07 14:47
"✅ V-Audit onaylı, lisanslı ve ödeme yapan siteler. deneme bonusu 2026 arayanlar için dev liste yayında: https://bedavabonus2026.com #kaçakbahis #iddaa #bonus",2026-03-07 16:47
"✅ V-Audit onaylı, lisanslı ve ödeme yapan siteler. çevrimsiz freebet arayanlar için dev liste yayında: https://flovazcomercial.com #kaçakbahis #iddaa #bonus",2026-03-07 18:47
"✅ V-Audit onaylı, lisanslı ve ödeme yapan siteler. bedava casino bonusu arayanlar için dev liste yayında: https://flovazcomercial.com #kaçakbahis #iddaa #bonus",2026-03-07 20:47
"🚨 2026 Güncel: Sadece yeni üyelere özel çevrimsiz freebet veren platformlar listelendi! Hemen incele ve kap: https://flovazcomercial.com #denemebonusu #çevrimsizfreebet #casino",2026-03-07 22:47
"🔥 Cebinden tek kuruş çıkmadan kazan! En güvenilir çevrimsiz freebet fırsatları burada güncellendi: https://bedavabonus2026.com #bahis #canlıcasino #freebet",2026-03-08 00:47
"💰 çevrimsiz freebet ile bugün şansını dene. Sadece onaylı platformlar, sıfır risk: https://bedavabonus2026.com #slot #rulet #sweetbonanza",2026-03-08 02:47
"🔥 Cebinden tek kuruş çıkmadan kazan! En güvenilir yatırımsız deneme bonusu fırsatları burada güncellendi: https://flovazcomercial.com #bahis #canlıcasino #freebet",2026-03-08 04:47
"✅ V-Audit onaylı, lisanslı ve ödeme yapan siteler. deneme bonusu 2026 arayanlar için dev liste yayında: https://flovazcomercial.com #kaçakbahis #iddaa #bonus",2026-03-08 06:47
"🚨 2026 Güncel: Sadece yeni üyelere özel bedava casino bonusu veren platformlar listelendi! Hemen incele ve kap: https://flovazcomercial.com #denemebonusu #bedavacasinobonusu #casino",2026-03-08 08:47
"✅ V-Audit onaylı, lisanslı ve ödeme yapan siteler. deneme bonusu 2026 arayanlar için dev liste yayında: https://bedavabonus2026.com #kaçakbahis #iddaa #bonus",2026-03-08 10:47
"🚨 2026 Güncel: Sadece yeni üyelere özel yeni açılan casino veren platformlar listelendi! Hemen incele ve kap: https://flovazcomercial.com #denemebonusu #yeniaçılancasino #casino",2026-03-08 12:47
"🚨 2026 Güncel: Sadece yeni üyelere özel güvenilir bahis siteleri veren platformlar listelendi! Hemen incele ve kap: https://bedavabonus2026.com #denemebonusu #güvenilirbahissiteleri #casino",2026-03-08 14:47
"✅ V-Audit onaylı, lisanslı ve ödeme yapan siteler. güvenilir bahis siteleri arayanlar için dev liste yayında: https://bedavabonus2026.com #kaçakbahis #iddaa #bonus",2026-03-08 16:47
"🚨 2026 Güncel: Sadece yeni üyelere özel çevrimsiz freebet veren platformlar listelendi! Hemen incele ve kap: https://flovazcomercial.com #denemebonusu #çevrimsizfreebet #casino",2026-03-08 18:47
"🔥 Cebinden tek kuruş çıkmadan kazan! En güvenilir çevrimsiz freebet fırsatları burada güncellendi: https://bedavabonus2026.com #bahis #canlıcasino #freebet",2026-03-08 20:47
"🚨 2026 Güncel: Sadece yeni üyelere özel çevrimsiz freebet veren platformlar listelendi! Hemen incele ve kap: https://flovazcomercial.com #denemebonusu #çevrimsizfreebet #casino",2026-03-08 22:47
"🚨 2026 Güncel: Sadece yeni üyelere özel çevrimsiz freebet veren platformlar listelendi! Hemen incele ve kap: https://bedavabonus2026.com #denemebonusu #çevrimsizfreebet #casino",2026-03-09 00:47
"🚨 2026 Güncel: Sadece yeni üyelere özel deneme bonusu 2026 veren platformlar listelendi! Hemen incele ve kap: https://bedavabonus2026.com #denemebonusu #denemebonusu2026 #casino",2026-03-09 02:47
"🔥 Cebinden tek kuruş çıkmadan kazan! En güvenilir güvenilir bahis siteleri fırsatları burada güncellendi: https://bedavabonus2026.com #bahis #canlıcasino #freebet",2026-03-09 04:47
"🔥 Cebinden tek kuruş çıkmadan kazan! En güvenilir çevrimsiz freebet fırsatları burada güncellendi: https://bedavabonus2026.com #bahis #canlıcasino #freebet",2026-03-09 06:47
"✅ V-Audit onaylı, lisanslı ve ödeme yapan siteler. çevrimsiz freebet arayanlar için dev liste yayında: https://flovazcomercial.com #kaçakbahis #iddaa #bonus",2026-03-09 08:47
"✅ V-Audit onaylı, lisanslı ve ödeme yapan siteler. bedava casino bonusu arayanlar için dev liste yayında: https://bedavabonus2026.com #kaçakbahis #iddaa #bonus",2026-03-09 10:47
"🚨 2026 Güncel: Sadece yeni üyelere özel yeni açılan casino veren platformlar listelendi! Hemen incele ve kap: https://flovazcomercial.com #denemebonusu #yeniaçılancasino #casino",2026-03-09 12:47
"🔥 Cebinden tek kuruş çıkmadan kazan! En güvenilir yeni açılan casino fırsatları burada güncellendi: https://flovazcomercial.com #bahis #canlıcasino #freebet",2026-03-09 14:47
"✅ V-Audit onaylı, lisanslı ve ödeme yapan siteler. güvenilir bahis siteleri arayanlar için dev liste yayında: https://flovazcomercial.com #kaçakbahis #iddaa #bonus",2026-03-09 16:47
"🚨 2026 Güncel: Sadece yeni üyelere özel deneme bonusu 2026 veren platformlar listelendi! Hemen incele ve kap: https://flovazcomercial.com #denemebonusu #denemebonusu2026 #casino",2026-03-09 18:47
"✅ V-Audit onaylı, lisanslı ve ödeme yapan siteler. bedava casino bonusu arayanlar için dev liste yayında: https://flovazcomercial.com #kaçakbahis #iddaa #bonus",2026-03-09 20:47
"✅ V-Audit onaylı, lisanslı ve ödeme yapan siteler. çevrimsiz freebet arayanlar için dev liste yayında: https://flovazcomercial.com #kaçakbahis #iddaa #bonus",2026-03-09 22:47
"🔥 Cebinden tek kuruş çıkmadan kazan! En güvenilir güvenilir bahis siteleri fırsatları burada güncellendi: https://flovazcomercial.com #bahis #canlıcasino #freebet",2026-03-10 00:47
"✅ V-Audit onaylı, lisanslı ve ödeme yapan siteler. güvenilir bahis siteleri arayanlar için dev liste yayında: https://flovazcomercial.com #kaçakbahis #iddaa #bonus",2026-03-10 02:47
"✅ V-Audit onaylı, lisanslı ve ödeme yapan siteler. yeni açılan casino arayanlar için dev liste yayında: https://flovazcomercial.com #kaçakbahis #iddaa #bonus",2026-03-10 04:47
"💰 bedava casino bonusu ile bugün şansını dene. Sadece onaylı platformlar, sıfır risk: https://bedavabonus2026.com #slot #rulet #sweetbonanza",2026-03-10 06:47
"🔥 Cebinden tek kuruş çıkmadan kazan! En güvenilir güvenilir bahis siteleri fırsatları burada güncellendi: https://bedavabonus2026.com #bahis #canlıcasino #freebet",2026-03-10 08:47
"💰 yatırımsız deneme bonusu ile bugün şansını dene. Sadece onaylı platformlar, sıfır risk: https://bedavabonus2026.com #slot #rulet #sweetbonanza",2026-03-10 10:47
"✅ V-Audit onaylı, lisanslı ve ödeme yapan siteler. çevrimsiz freebet arayanlar için dev liste yayında: https://bedavabonus2026.com #kaçakbahis #iddaa #bonus",2026-03-10 12:47
"💰 yatırımsız deneme bonusu ile bugün şansını dene. Sadece onaylı platformlar, sıfır risk: https://bedavabonus2026.com #slot #rulet #sweetbonanza",2026-03-10 14:47
"✅ V-Audit onaylı, lisanslı ve ödeme yapan siteler. bedava casino bonusu arayanlar için dev liste yayında: https://flovazcomercial.com #kaçakbahis #iddaa #bonus",2026-03-10 16:47
"💰 yatırımsız deneme bonusu ile bugün şansını dene. Sadece onaylı platformlar, sıfır risk: https://flovazcomercial.com #slot #rulet #sweetbonanza",2026-03-10 18:47
